model,accuracy,precision,recall,f1_score,roc_auc,tn,fp,fn,tp
Random Forest,0.9639,0.0,0.0,0.0,0.5817150087694871,9639,0,361,0
XGBoost,0.9634,0.0,0.0,0.0,0.5801101193529633,9634,5,361,0
Logistic Regression,0.9639,0.0,0.0,0.0,0.5975160352434807,9639,0,361,0
GNN (GCN),0.0399,0.03614457831325301,0.997229916897507,0.06976068210444725,0.5240039382943081,39,9600,1,360
Quantum VQC,0.796,0.031914893617021274,0.21428571428571427,0.05555555555555555,0.5408583186360965,395,91,11,3
